tema_detectado,motivo_real,insight_estrategico,exemplos_representativos,cluster
Contato com a empresa ZetaCloud,"A falta de descrição não permite uma análise precisa do motivo real da compra. No entanto, pode-se inferir que os clientes estão interessados nos serviços ou produtos oferecidos pela ZetaCloud.","É necessário coletar mais informações durante o processo de venda para entender melhor as necessidades e motivações dos clientes. Isso pode ser feito através de questionários, entrevistas ou análise de dados de uso do produto. Além disso, a equipe de vendas deve se concentrar em melhorar a taxa de conversão de 'contractsent' para 'closedwon'.","['Empresa: Contato iniciado com ZetaCloud | Descrição: nan | Status: contractsent | Canal: nan', 'Empresa: Contato iniciado com ZetaCloud | Descrição: nan | Status: closedwon | Canal: nan']",0
Negociação e envio de contrato para DeltaExpress,"A DeltaExpress está considerando a compra devido ao envio de propostas e contratos, indicando um interesse em estabelecer uma parceria comercial.","Acompanhar de perto o processo de decisão da DeltaExpress, garantindo que todas as suas dúvidas e preocupações sejam abordadas. Isso pode envolver o fornecimento de informações adicionais sobre o produto ou serviço, demonstrações de uso, ou até mesmo a negociação de termos contratuais.","['Negociação com DeltaExpress', 'Contrato enviado para DeltaExpress']",1
Processo de vendas com a empresa LambdaSystems,"A empresa LambdaSystems está interessada nos produtos ou serviços oferecidos, passando por todas as etapas do processo de vendas, desde a apresentação inicial até a compra final.","Continuar a fornecer um serviço de qualidade e manter um bom relacionamento com a LambdaSystems para garantir futuras vendas. Além disso, usar este caso de sucesso como um estudo de caso para atrair novos clientes.","['Empresa: Reunião com LambdaSystems | Descrição: nan | Status: presentationscheduled | Canal: nan', 'Empresa: Contato iniciado com LambdaSystems | Descrição: nan | Status: closedwon | Canal: nan']",2
Processo de venda para a empresa BetaLog,"A falta de detalhes na descrição dificulta a identificação do motivo real, mas parece que a BetaLog está considerando a compra devido ao envio de propostas e contratos.","Melhorar a comunicação e fornecer mais detalhes nas propostas e contratos pode aumentar a taxa de sucesso nas vendas. Além disso, o acompanhamento após o envio do contrato pode ajudar a converter mais negócios.","['Empresa: Proposta para BetaLog | Descrição: nan | Status: closedwon | Canal: nan', 'Empresa: Contrato enviado para BetaLog | Descrição: nan | Status: decisionmakerboughtin | Canal: nan']",3
Vendas para a empresa KappaSoft,"Não há informações suficientes para determinar o motivo real da compra. No entanto, a repetição de negociações bem-sucedidas sugere que a KappaSoft tem uma necessidade contínua ou recorrente para o produto ou serviço.","Manter um relacionamento próximo com a KappaSoft, entendendo suas necessidades e oferecendo soluções personalizadas pode resultar em mais vendas fechadas. Além disso, é importante garantir um acompanhamento eficaz após o envio de contratos e propostas.","['Empresa: Proposta para KappaSoft | Descrição: nan | Status: closedwon | Canal: nan', 'Empresa: Reunião com KappaSoft | Descrição: nan | Status: closedwon | Canal: nan']",4
Processo de vendas para a empresa GammaTrade,"A GammaTrade está em busca de uma solução que a Logcomex oferece e passou por várias etapas do processo de vendas, desde a qualificação até o envio do contrato.","A equipe de vendas deve continuar a se engajar com a GammaTrade, pois eles mostraram interesse em nossos produtos. No entanto, é importante analisar as razões para as perdas fechadas e ajustar a estratégia de vendas, se necessário.","['Empresa: Contrato enviado para GammaTrade | Descrição: nan | Status: qualifiedtobuy | Canal: nan', 'Empresa: Contrato enviado para GammaTrade | Descrição: nan | Status: closedwon | Canal: nan']",5
Processo de venda para a empresa AlphaTech,"A AlphaTech estava em busca de uma solução que a Logcomex poderia fornecer, levando-os a passar por todo o processo de venda, desde o contato inicial até a compra.","Acompanhar de perto o processo de venda, garantindo que todas as etapas sejam concluídas de maneira eficiente e eficaz, pode levar a um fechamento bem-sucedido. Além disso, é importante manter um bom relacionamento com o tomador de decisões para garantir a compra.","['Empresa: Contato iniciado com AlphaTech | Descrição: nan | Status: decisionmakerboughtin | Canal: nan', 'Empresa: Reunião com AlphaTech | Descrição: nan | Status: closedwon | Canal: nan']",6
Negociação e fechamento de contrato com OmegaIndustries,"A OmegaIndustries estava em busca de um novo contrato, passando por todas as etapas do processo de vendas, desde a negociação até o fechamento do contrato.","A equipe de vendas deve continuar a fornecer um processo de vendas eficiente e eficaz para garantir que mais contratos sejam fechados. Além disso, o marketing pode usar este caso de sucesso em materiais promocionais para atrair novos clientes.","['Empresa: Contrato enviado para OmegaIndustries | Descrição: nan | Status: contractsent | Canal: nan', 'Empresa: Negociação com OmegaIndustries | Descrição: nan | Status: closedwon | Canal: nan']",7
Proposta para EpsilonData,"A falta de detalhes na descrição sugere que a decisão de compra pode ter sido baseada em fatores externos, como relacionamento prévio, reputação da empresa ou necessidade imediata.","Para melhorar a taxa de sucesso das propostas, é recomendável fornecer descrições detalhadas dos produtos ou serviços oferecidos. Além disso, o acompanhamento regular com o cliente pode ajudar a identificar e resolver quaisquer preocupações ou perguntas que possam ter.","['Empresa: Proposta para EpsilonData | Descrição: nan | Status: qualifiedtobuy | Canal: nan', 'Empresa: Proposta para EpsilonData | Descrição: nan | Status: closedwon | Canal: nan']",8
Processo de venda para EpsilonData,"A EpsilonData está considerando a compra devido ao avanço positivo nas etapas de venda, incluindo a apresentação do produto, a aprovação do tomador de decisão e o envio do contrato.","Acompanhar de perto o processo de venda com a EpsilonData, garantindo que todas as dúvidas sejam esclarecidas e que o contrato seja assinado. Além disso, usar essa sequência de sucesso como um modelo para futuras vendas.","['Empresa: Contrato enviado para EpsilonData | Descrição: nan | Status: presentationscheduled | Canal: nan', 'Empresa: Contrato enviado para EpsilonData | Descrição: nan | Status: decisionmakerboughtin | Canal: nan']",9
